,Type,Price,Contracts,Cum. Profit NONE,Profit %,total_value,payment,leverage
0,Entry Short,748.27,80.1282,-1099.52,-1.83,,59957.528214000005,0.6062410234409379
2,Entry Long,761.69,78.8924,1870.6,4.94,98900.48,60091.552156,0.5898812037624201
4,Entry Long,1061.31,57.5914,4901.92,4.96,101870.6,61122.328733999995,0.5826616780131383
6,Entry Short,919.81,68.4276,3351.87,-2.46,104901.92,62940.39075599999,0.6089913105200708
8,Entry Long,942.09,66.0966,4247.5,1.44,103351.87,62268.945894,0.5973183615338497
10,Entry Short,956.02,66.1349,7371.52,4.94,104247.5,63226.287098,0.588855285815084
12,Entry Short,823.71,78.2467,5526.93,-2.86,107371.52,64452.58925700001,0.610769111325422
14,Entry Long,846.95,75.1854,8663.12,4.93,105526.93,63678.27453,0.5860155177764085
16,Entry Long,856.09,76.1577,8955.32,0.45,108663.12,65197.84539300001,0.5983906558486544
18,Entry Short,860.27,76.323,12216.18,4.97,108955.32,65658.38720999999,0.5851062405617442
20,Entry Short,693.48,96.9163,10568.53,-2.45,112216.18,67209.51572400001,0.6078539320727155
22,Entry Long,710.2,190.1245,4964.0,-4.15,110568.53,135026.4199,1.2864069576235662
24,Entry Short,681.0,93.5105,8137.22,4.98,104964.0,63680.650499999996,0.5888874385711044
26,Entry Long,612.34,105.8473,5973.61,-3.34,108137.22,64814.53568200001,0.6116101516405831
28,Entry Short,592.14,108.1327,9164.51,4.98,105973.61,64029.696978,0.5865431629565323
30,Entry Long,463.67,141.1609,6485.03,-4.09,109164.51,65452.074503,0.6146598681805321
32,Entry Short,444.87,143.9464,9651.35,4.94,106485.03,64037.43496800001,0.584009544506292
34,Entry Long,413.21,159.0571,6217.14,-5.23,109651.35,65723.98429099999,0.6187700430551979
36,Entry Short,391.78,163.2868,9273.39,4.78,106217.14,63972.502504,0.5854353242266941
38,Entry Long,378.35,173.2893,11161.63,2.88,109273.39,65564.006655,0.5898078919407713
40,Entry Short,389.4,344.588,9436.37,-1.29,111161.63,134182.5672,1.2261240682599395
42,Entry Long,394.25,168.9837,12732.97,4.95,109436.37,66621.823725,0.5909701813497861
44,Entry Long,515.51,131.1865,16099.03,4.98,112732.97,67627.952615,0.5825023052733516
46,Entry Short,669.69,104.1153,19621.15,5.05,116099.03,69724.97525700001,0.5828816664695166
48,Entry Long,743.49,96.4738,20427.75,1.12,119621.15,71727.305562,0.5956044646022199
50,Entry Short,752.15,96.861,23992.87,4.89,120427.75,72854.00115,0.5875660523867219
52,Entry Long,677.07,109.8691,27689.13,4.97,123992.87,74389.07153700001,0.5825795158679522
54,Entry Short,709.52,107.9793,31490.35,4.96,127689.13,76613.47293599999,0.5826547190421197
56,Entry Long,602.08,131.0143,28878.34,-3.31,131490.35,78881.089744,0.6120585487367388
58,Entry Short,582.38,133.3194,26203.03,-3.45,128878.34,77642.552172,0.6152193982347334
60,Entry Long,602.21,259.0752,20496.5,-3.66,126203.03,156017.676192,1.2947901075300943
62,Entry Short,580.42,126.0855,24145.88,4.99,120496.5,73182.54590999999,0.5894883173730774
64,Entry Long,583.11,127.7418,22445.55,-2.28,124145.88,74487.520998,0.6083317931766405
66,Entry Short,570.03,128.9792,20699.09,-2.38,122445.55,73522.01337599999,0.6091347778678363
68,Entry Long,583.34,124.4403,24326.62,5.0,120699.09,72591.004602,0.5838733861018662
70,Entry Long,587.76,127.0756,27932.92,4.83,124326.62,74689.954656,0.583821229563118
72,Entry Short,493.62,155.6235,25959.62,-2.57,127932.92,76818.87207,0.6098690363626057
74,Entry Long,506.1,150.6649,23732.87,-2.92,125959.62,76251.50589,0.6162590901673904
76,Entry Short,491.52,301.7253,19777.49,-2.67,123732.87,148304.019456,1.2381626919715882
78,Entry Long,504.43,145.3663,23508.04,5.09,119777.49,73327.122709,0.5937032334818041
80,Entry Short,513.83,144.4031,27278.36,5.08,123508.04000000001,74198.644873,0.582963552272358
82,Entry Long,477.25,160.0147,25190.44,-2.73,127278.36,76367.015575,0.6100067670902027
84,Entry Short,464.39,162.5633,23527.78,-2.2,125190.44,75492.77088699999,0.6111400276682701
86,Entry Long,474.43,157.5793,24756.68,1.64,123527.78,74760.347299,0.5992492530179546
88,Entry Short,482.42,155.4263,28477.88,4.96,124756.68,74980.755646,0.5836082884150953
90,Entry Long,437.13,176.307,27964.06,-0.67,128477.88,77069.07891,0.602271285468748
92,Entry Short,434.39,177.9615,27254.98,-0.92,127964.06,77304.695985,0.6074787484544809
94,Entry Long,438.2,352.2251,22766.65,-2.91,127254.98,154345.03882,1.25722285995423
96,Entry Short,425.63,174.9693,20402.31,-3.17,122766.65,74472.18315900001,0.6185278601299261
98,Entry Long,438.97,165.2102,21306.55,1.25,120402.31,72522.321494,0.5978434098900678
100,Entry Short,444.62,164.0252,19617.11,-2.32,121306.55,72928.884424,0.6096860593271314
102,Entry Long,454.74,159.2307,23192.41,4.94,119617.11,72408.56851800001,0.5877680980346112
104,Entry Short,493.96,149.6294,26854.94,4.96,123192.41,73910.93842399999,0.5826413888493424
106,Entry Long,459.6,165.6069,26956.95,0.13,126854.94,76112.93124,0.5995176415312435
108,Entry Short,460.4,166.2479,25863.8,-1.43,126956.95,76540.53315999999,0.6081218997042834
110,Entry Long,466.79,328.0275,22254.0,-2.36,125863.8,153119.956725,1.2524740026911185
112,Entry Short,455.97,164.1536,21059.98,-1.6,122254.0,74849.11699200001,0.6182812601819364
114,Entry Long,463.06,320.8027,24018.71,1.99,121059.98,148550.898262,1.1978103808852714
116,Entry Short,472.47,159.6422,24046.02,0.04,124018.70999999999,75426.150234,0.6080497402012576
118,Entry Long,472.11,317.3156,23440.43,-0.4,124046.02,149807.86791600002,1.213604553354197
120,Entry Short,470.39,160.6989,23897.21,0.6,123440.43,75591.155571,0.6101118465137351
122,Entry Long,467.36,319.7782,22117.36,-1.19,123897.20999999999,149451.53955200003,1.2238353298171532
124,Entry Short,461.98,159.9681,21380.6,-1.0,122117.36,73902.062838,0.6088457532587579
126,Entry Long,466.4,316.1372,21511.27,0.09,121380.6,147446.39007999998,1.2134379805264153
128,Entry Long,423.71,172.0675,18905.05,-3.57,121511.27,72906.72042499999,0.6131507486435605
130,Entry Short,408.73,175.3719,17944.97,-1.34,118905.05,71679.756687,0.6077389878262719
132,Entry Long,414.04,346.3511,16782.97,-0.81,117944.97,143403.209444,1.2279462445937108
134,Entry Short,410.85,172.2152,17219.74,0.62,116782.97,70754.61492,0.6036066529408785
136,Entry Long,408.15,172.7914,16345.02,-1.24,117219.74,70524.80991,0.6061695628227146
138,Entry Short,403.25,174.2438,15358.38,-1.4,116345.02,70263.81235,0.6090915315384976
140,Entry Long,408.75,170.2888,14009.36,-1.94,115358.38,69605.547,0.610524846381034
142,Entry Short,400.99,172.5153,17386.1,4.88,114009.36,69176.910147,0.5893109162583986
144,Entry Long,294.96,238.7837,12678.7,-6.68,117386.1,70431.64015199999,0.6250661407346729
146,Entry Short,275.36,245.6805,16040.25,4.97,112678.7,67650.58248,0.5829923882445961
148,Entry Long,277.71,250.6268,19515.47,4.99,116040.25,69601.568628,0.5823645142172807
150,Entry Short,289.74,247.5721,18786.01,-1.02,119515.47,71731.540254,0.6038719564197839
152,Entry Long,292.57,491.2473,15830.74,-2.06,118786.01,143724.222561,1.2408124351186913
154,Entry Short,286.67,244.1766,14344.72,-2.12,115830.74,69998.105922,0.6121673648070501
156,Entry Long,292.64,236.4121,12154.31,-3.17,114344.72,69183.636944,0.6168611526743822
158,Entry Short,283.49,240.1478,15535.45,4.97,112154.31,68079.499822,0.5892520418797866
160,Entry Short,214.72,322.8449,13079.45,-3.54,115535.45,69321.256928,0.6130314299194063
162,Entry Long,222.24,308.986,12372.35,-1.03,113079.45,68669.04864,0.6110849211572063
164,Entry Short,220.04,615.4759,19132.86,4.99,112372.35,135429.317036,1.1367922925379277
166,Entry Long,212.56,336.3909,22655.83,4.93,119132.86,71503.249704,0.5829584268762439
168,Entry Short,240.13,306.4863,26311.09,4.97,122655.83,73596.555219,0.5826610729034165
170,Entry Long,218.4,347.0085,30069.36,4.96,126311.09,75786.6564,0.5826634066624147
172,Entry Short,229.26,340.3917,33939.81,4.96,130069.36,78038.201142,0.5826363434590508
174,Entry Long,225.16,356.919,33329.57,-0.76,133939.81,80363.88204,0.6027461278094574
176,Entry Short,223.54,359.5582,31783.38,-1.92,133329.57,80375.640028,0.609907258623963
178,Entry Long,227.75,349.9018,31394.67,-0.49,131783.38,79690.13494999999,0.60649442591545
180,Entry Short,226.73,348.8693,31321.16,-0.09,131394.66999999998,79099.13638899999,0.6023335187489967
182,Entry Long,226.85,696.245,29434.19,-1.19,131321.16,157943.17825,1.2202585595815139
184,Entry Short,224.23,351.0988,35091.63,7.19,129434.19,78726.883924,0.5827665557370209
186,Entry Long,207.93,389.8185,34918.91,-0.21,135091.63,81054.96070499999,0.6007679776318975
188,Entry Short,207.57,391.1343,35371.53,0.56,134918.91,81187.746651,0.5997401865148454
190,Entry Long,206.33,396.0215,34950.82,-0.51,135371.53,81711.116095,0.6054881037032602
192,Entry Short,205.35,790.3738,35312.79,0.22,134950.82,162303.25983,1.1994672479223878
194,Entry Long,204.81,399.4589,35192.2,-0.15,135312.79,81813.177309,0.6051619642923186
196,Entry Short,204.59,795.9842,34068.19,-0.69,135192.2,162850.407478,1.2146834195195744
198,Entry Long,205.92,394.51,33160.06,-1.12,134068.19,81237.49919999999,0.6100740657521482
200,Entry Short,203.7,393.9473,37139.14,4.96,133160.06,80247.06500999999,0.5851507090535932
202,Entry Long,198.53,805.222,37936.62,0.5,137139.14,159860.72366,1.158943315125454
204,Entry Short,211.52,391.3095,37179.44,-0.91,137936.62,82769.78544,0.6033687368894348
206,Entry Long,213.37,387.8182,36149.85,-1.24,137179.44,82748.769334,0.6077771612234607
208,Entry Short,210.8,391.8963,35411.25,-0.89,136149.85,82611.74004,0.6100803296624173
210,Entry Long,212.6,774.2754,34176.48,-0.75,135411.25,164610.95004,1.2268241799158839
212,Entry Short,211.09,383.8158,33748.67,-0.53,134176.48,81019.67722200001,0.6057606196906483
214,Entry Long,212.12,761.9808,31756.59,-1.23,133748.66999999998,161631.367296,1.2267421864515469
216,Entry Short,209.59,383.8893,35752.21,4.97,131756.59,80459.358387,0.5926928068942672
218,Entry Short,174.19,467.6004,39793.24,4.96,135752.21,81451.31367599999,0.5826555967656233
220,Entry Long,140.11,598.6862,34432.45,-6.39,139793.24,83881.92348200001,0.623970800814833
222,Entry Short,131.21,1213.4937,42343.01,4.97,134432.45,159222.50837700002,1.118583261496297
224,Entry Long,119.16,716.9126,39090.54,-3.81,142343.01,85427.305416,0.6141848713507043
226,Entry Short,114.67,734.1784,43242.52,4.93,139090.54,84188.23712800001,0.5877321700846928
228,Entry Long,92.58,928.2375,47514.31,4.97,143242.52,85936.22774999999,0.5825619748348482
230,Entry Long,89.97,983.7566,45511.79,-2.26,147514.31,88508.581302,0.6082571130627972
232,Entry Short,87.97,1003.0565,49840.66,4.91,145511.79,88238.880305,0.5888847546787367
234,Entry Short,147.1,611.1372,45599.23,-4.72,149840.66,89898.28212,0.6174365216079782
236,Entry Long,153.98,572.2032,43596.0,-2.27,145599.23,88107.848736,0.613581497646174
238,Entry Short,150.54,577.603,40360.66,-3.72,143596.0,86952.35561999999,0.6194923536267213
240,Entry Long,156.08,551.1646,36452.34,-4.54,140360.66,86025.770768,0.6304455516702755
242,Entry Short,149.05,559.2695,36530.87,0.09,136452.34,83359.118975,0.6105514377444456
244,Entry Long,148.85,1109.7389,35799.09,-0.44,136530.87,165184.635265,1.216389854048359
246,Entry Short,148.25,1659.4805,48016.49,4.97,135799.09,246017.984125,1.6620984873036782
248,Entry Long,123.5,719.1666,44270.81,-4.22,148016.49,88817.0751,0.6156274793217007
250,Entry Short,118.34,734.3828,48562.42,4.94,144270.81,86906.860552,0.5849854933165467
252,Entry Long,116.34,766.1806,47186.22,-1.54,148562.41999999998,89137.451004,0.6056100292812737
254,Entry Short,114.59,773.7101,45154.18,-2.29,147186.22,88659.440359,0.6107949516782776
256,Entry Long,117.17,748.5911,43607.25,-1.76,145154.18,87712.41918699999,0.6107798818444055
258,Entry Short,115.15,749.0493,47888.13,4.96,143607.25,86253.026895,0.5832315744001902
260,Entry Short,106.94,829.8997,52310.09,4.98,147888.13,88749.473918,0.5826893931846537
262,Entry Short,119.61,763.9058,48842.91,-3.79,152310.09,91370.772738,0.6138738670051532
264,Entry Long,124.1,720.3803,46156.68,-3.0,148842.91,89399.19523,0.611666844307082
266,Entry Short,120.42,734.2852,43800.51,-2.66,146156.68,88422.62378400001,0.6148978455222447
268,Entry Long,123.58,700.2054,48085.3,4.95,143800.51,86531.38333200001,0.5843347268905152
270,Entry Short,143.99,617.0649,45914.29,-2.44,148085.3,88851.174951,0.6089271650569659
272,Entry Long,147.45,596.2643,44072.8,-2.09,145914.29,87919.171035,0.6102412879807987
274,Entry Short,144.42,1194.8934,39856.67,-2.44,144072.8,172566.50482799998,1.2338811214938836
276,Entry Long,147.89,571.3813,44055.95,4.97,139856.66999999998,84501.58045699999,0.5865886168325569
278,Entry Short,131.56,656.9897,48345.24,4.96,144055.95,86433.564932,0.582651421319619
280,Entry Long,138.23,643.9061,46384.74,-2.2,148345.24,89007.140203,0.6080356477253026
282,Entry Short,135.24,651.5297,44818.09,-1.78,146384.74,88112.87662800001,0.6084383285817402
284,Entry Long,137.59,1283.2023,41565.77,-1.84,144818.09,176555.804457,1.2471645119932595
286,Entry Short,135.11,1912.0252,44178.05,1.01,141565.77,258333.72477200005,1.7917687524002444
288,Entry Long,133.69,651.3807,42436.94,-2.0,144178.05,87083.085783,0.6113799256218225
290,Entry Short,131.07,653.4027,41461.6,-1.14,142436.94,85641.491889,0.6054045188871043
292,Entry Long,132.51,642.9791,45683.19,4.95,141461.6,85201.16054099999,0.5848386525651998
294,Entry Short,136.83,638.8212,44344.77,-1.53,145683.19,87409.904796,0.605563366071386
296,Entry Long,138.87,627.3109,43137.09,-1.39,144344.77,87114.664683,0.6086100023620712
298,Entry Short,137.0,628.8677,42020.75,-1.3,143137.09,86154.8749,0.6066358253987533
300,Entry Long,138.72,615.6576,40977.12,-1.22,142020.75,85404.022272,0.6058005885777777
302,Entry Short,137.08,621.8612,41278.89,0.35,140977.12,85244.73329600002,0.6033791268886669
304,Entry Long,136.54,623.1915,41001.86,-0.33,141278.89,85090.56741,0.6034712408049087
306,Entry Short,136.15,622.857,41914.87,1.08,141001.86,84801.98055,0.5975552847280908
308,Entry Long,134.63,633.3332,44191.97,2.67,141914.87,85265.648716,0.5913342380716485
310,Entry Short,138.28,1259.1502,43215.55,-0.56,144191.97,174115.289656,1.2157568759537636
312,Entry Long,139.0,624.546,44429.67,1.4,143215.55,86811.894,0.6010668998966764
314,Entry Short,141.0,617.4598,43351.13,-1.24,144429.66999999998,87061.8318,0.6073327207117237
316,Entry Long,142.69,606.2841,41752.63,-1.85,143351.13,86510.678229,0.6102932850628591
318,Entry Short,140.11,608.0551,40052.14,-2.0,141752.63,85194.60006100002,0.6083063069296907
320,Entry Long,142.85,591.7122,44348.8,5.08,140052.14,84526.08777,0.585568343969607
322,Entry Short,159.96,541.4433,42120.87,-2.57,144348.8,86609.27026800001,0.6094057140798533
324,Entry Long,164.01,1061.2249,50804.61,4.99,142120.87,174051.49584899997,1.1541523554817057
326,Entry Short,175.57,515.1896,55266.93,4.93,150804.61,90451.838072,0.5825570072906059
328,Entry Long,167.21,557.078,53146.61,-2.28,155266.93,93149.01238,0.6082342428604852
330,Entry Short,163.47,566.5106,51823.34,-1.43,153146.61,92607.487782,0.6099687161539195
332,Entry Long,165.74,554.9316,56386.01,4.96,151823.34,91974.36338400001,0.588123984901207
334,Entry Short,170.81,549.301,57403.35,1.08,156386.01,93826.10381000002,0.5960870833435249
336,Entry Long,168.89,1108.5593,61473.64,2.17,157403.35,187224.58017699997,1.1594745753981885
338,Entry Short,172.63,565.8409,66324.41,4.97,161473.64,97681.114567,0.5872927164870148
340,Entry Short,160.96,617.0065,65803.23,-0.52,166324.41,99313.36624,0.5989833023156426
342,Entry Short,160.96,2.836,65800.05,-0.72,165803.22999999998,456.48256,0.002753211232445346
344,Entry Long,163.39,608.8874,70727.78,4.95,165800.05,99486.11228599999,0.5827177761346161
346,Entry Long,171.14,598.5548,71841.79,1.09,170727.78,102436.66847199999,0.5961103435433255
348,Entry Short,173.07,1194.2046,67423.29,-2.14,171841.78999999998,206680.990122,1.2344817147124514
350,Entry Long,176.7,571.8874,72448.77,4.97,167423.28999999998,101052.50357999999,0.5859856442003035
352,Entry Short,240.6,429.9574,77563.62,4.94,172448.77000000002,103447.75044,0.582595412506233
354,Entry Short,251.8,423.0895,82848.77,4.96,177563.62,106533.9361,0.5826341413179864
356,Entry Short,247.43,443.1981,80597.33,-2.05,182848.77000000002,109660.505883,0.6072100062775014
358,Entry Long,252.41,433.4126,86165.14,5.09,180597.33000000002,109397.67436599999,0.5876378056923008
360,Entry Short,261.84,426.658,81311.06,-4.35,186165.14,111716.13071999999,0.6161572863784481
362,Entry Long,273.11,402.3899,86694.26,4.9,181311.06,109896.705589,0.5886453369750093
364,Entry Long,245.72,456.0006,85400.24,-1.15,186694.26,112048.467432,0.6043598834176267
366,Entry Short,242.98,458.8673,83496.86,-1.71,185400.24,111495.576554,0.6076157191681646
368,Entry Long,247.03,450.7151,82564.59,-0.84,183496.86,111340.151153,0.6098671771617924
370,Entry Short,245.06,449.2777,88070.24,5.0,182564.59,110099.993162,0.5854195387957181
372,Entry Short,254.67,443.0916,86447.38,-1.44,188070.24,112842.137772,0.6052224374083455
374,Entry Long,258.23,436.5188,92110.82,5.02,186447.38,112722.24972400001,0.5867563821964843
376,Entry Short,268.49,429.4738,90342.16,-1.53,192110.82,115309.420562,0.60580073569618
378,Entry Long,272.5,421.4747,87472.91,-2.5,190342.16,114851.85575,0.6126317437009966
380,Entry Short,265.8,424.8254,86335.72,-1.01,187472.91,112918.59132,0.6059954115077882
382,Entry Long,268.37,416.9641,85949.12,-0.35,186335.72,111900.65551699999,0.6017810437446545
384,Entry Short,267.55,834.0183,83690.98,-1.01,185949.12,223141.596165,1.214766213153199
386,Entry Long,270.15,412.8037,89242.87,4.98,183690.97999999998,111518.91955499999,0.5892899402497964
388,Entry Short,306.06,371.0523,85771.95,-3.06,189242.87,113564.266938,0.6113100871148739
390,Entry Long,315.29,356.3967,91321.31,4.94,185771.95,112368.315543,0.5873277552981422
392,Entry Long,295.03,389.0357,85958.34,-4.67,191321.31,114777.202571,0.6172199782542692
394,Entry Short,281.36,402.904,82955.09,-2.65,185958.34,113361.06944,0.6196114545924905
396,Entry Long,288.7,783.1846,86090.73,1.39,182955.09,226105.39402,1.2150277126646771
398,Entry Short,292.82,387.6402,85832.08,-0.23,186090.72999999998,113508.80336399999,0.6108138237703629
400,Entry Long,293.37,382.7874,82981.88,-2.54,185832.08000000002,112298.339538,0.6137128962605477
402,Entry Short,286.04,388.3877,79829.73,-2.84,182981.88,111094.41770800001,0.6177755908769925
404,Entry Long,294.04,371.6095,85236.44,4.95,179829.72999999998,109268.05738000001,0.5898842440504688
406,Entry Long,310.9,357.6223,82724.87,-2.26,185236.44,111184.77307,0.6084818835553146
408,Entry Short,304.0,363.3894,88448.82,5.18,182724.87,110470.3776,0.5862089112577091
410,Entry Long,226.58,498.9158,87011.91,-1.27,188448.82,113044.341964,0.6044766986444874
412,Entry Short,223.79,504.3974,92591.91,4.94,187011.91,112879.094146,0.5861050661266094
414,Entry Long,210.98,547.6806,98328.04,4.96,192591.91,115549.652988,0.5826188419348066
416,Entry Short,207.64,573.0368,95752.84,-2.16,198328.03999999998,118985.36115199998,0.6078346610552368
418,Entry Long,212.05,562.5884,92071.53,-3.09,195752.84,119296.87022,0.621106471219342
420,Entry Short,205.59,564.6684,88308.84,-3.24,192071.53,116090.17635600001,0.6164881922484362
422,Entry Long,212.17,1097.2997,86449.41,-0.8,188308.84,232814.077349,1.248671569135027
424,Entry Short,210.56,555.9825,82582.22,-3.3,186449.41,117067.6752,0.6411778496285125
426,Entry Long,217.43,505.2454,83482.9,0.82,182582.22,109855.507322,0.5987234086773209
428,Entry Short,219.3,1007.3475,80744.68,-1.24,183482.9,220911.30675000002,1.2222285422176742
430,Entry Long,221.93,490.5468,86140.21,4.96,180744.68,108867.05132400001,0.5848658456117569
432,Entry Short,230.76,484.0048,88414.38,2.04,186140.21000000002,111688.94764799999,0.5927835638022957
434,Entry Long,225.97,984.2394,84408.93,-1.8,188414.38,222408.57721800002,1.2060618605508964
436,Entry Short,221.99,1482.799,100695.13,4.95,184408.93,329166.55001,1.6401322244839722
438,Entry Long,210.74,571.4282,100486.99,-0.17,200695.13,120422.778868,0.6006513383636515
440,Entry Short,210.46,574.8704,100766.34,0.23,200486.99,120987.22438400002,0.6026270359065171
442,Entry Long,209.89,577.9278,97921.21,-2.35,200766.34,121301.265942,0.6128765378000669
444,Entry Short,205.05,581.621,103877.03,4.99,197921.21000000002,119261.38605,0.5849672523187139
446,Entry Long,189.91,643.9577,109976.68,4.99,203877.03,122294.00680700001,0.582417089397737
448,Entry Short,197.19,638.8742,116220.46,4.96,209976.68,125979.603498,0.5826442303286191
450,Entry Short,188.84,686.9957,114794.3,-1.1,216220.46000000002,129732.267988,0.6039837555652082
452,Entry Long,190.84,1362.1624,108902.29,-2.27,214794.3,259955.07241599998,1.2443859395509738
454,Entry Short,186.59,675.7217,105371.19,-2.8,208902.28999999998,126082.91200300002,0.6139269680572043
456,Entry Long,191.74,653.7559,101275.11,-3.27,205371.19,125351.156266,0.6227851832548993
458,Entry Short,185.55,655.6197,107344.6,4.99,201275.11,121650.235335,0.5867055873893027
460,Entry Short,175.45,709.032,107649.43,0.25,207344.6,124399.6644,0.5990850271055403
462,Entry Long,174.95,717.3591,104672.99,-2.37,207649.43,125501.97454499999,0.613182885269815
464,Entry Short,170.87,732.1588,103180.31,-1.19,204672.99,125103.97415600001,0.615728828034567
466,Entry Long,172.84,712.8271,109260.11,4.93,203180.31,123205.035964,0.5887650348840971
468,Entry Short,179.46,699.3598,110245.17,0.78,209260.11,125507.109708,0.5969559714879539
470,Entry Long,177.98,1408.2149,111158.63,0.36,210245.16999999998,250634.08790199997,1.1869469313283572
472,Entry Short,178.7,2117.3664,105945.76,-1.38,211158.63,378373.37567999994,1.8372477087170909
474,Entry Long,181.09,2800.0821,131078.61,4.96,205945.76,507066.867489,2.1943479212074197
476,Entry Long,197.64,701.4781,137966.39,4.97,231078.61,138640.131684,0.5826038361299677
478,Entry Long,176.23,810.0983,135131.2,-1.99,237966.39,142763.623409,0.6071658010889239
480,Entry Short,172.8,818.895,135164.7,0.02,235131.2,141505.056,0.6017274531424147
482,Entry Long,172.69,820.6336,142229.69,4.99,235164.7,141715.216384,0.5850447828422685
484,Entry Short,179.69,808.8252,139170.22,-2.11,242229.69,145337.800188,0.6076751536541631
486,Entry Long,183.4,785.0609,138453.31,-0.5,239170.22,143980.16906,0.6038086410291389
488,Entry Short,182.56,786.3124,145576.36,4.96,238453.31,143549.191744,0.5845399440890809
490,Entry Long,173.02,851.5622,145687.7,0.08,245576.36,147337.291844,0.5996933987497135
492,Entry Short,173.22,860.2009,153070.33,4.95,245687.7,149003.999898,0.5887849432922462
494,Entry Short,179.07,847.9961,149023.2,-2.67,253070.33,151850.661627,0.6097851992384645
496,Entry Long,183.77,820.3459,146707.4,-1.54,249023.2,150754.96604300002,0.6110678724797068
498,Entry Short,181.02,821.6664,145850.73,-0.58,246707.4,148738.051728,0.6049933296028854
500,Entry Long,181.99,1632.3064,149860.81,1.35,245850.73,297063.441736,1.1889157076533932
502,Entry Short,184.52,819.4366,146792.4,-2.03,249860.81,151202.44143200002,0.6126705742640374
504,Entry Long,188.19,791.0192,147183.64,0.26,246792.4,148861.903248,0.6022320216985233
506,Entry Short,188.76,787.4872,147856.7,0.45,247183.64,148646.083872,0.5997259056220792
508,Entry Long,187.83,1579.2623,142748.58,-1.72,247856.7,296632.83780900005,1.2219755839931177
510,Entry Short,184.67,796.9747,141908.52,-0.57,242748.58,147177.31784899998,0.6084007204417603
512,Entry Long,185.65,1578.6879,140228.69,-0.57,241908.52,293083.408635,1.220018344332644
514,Entry Short,184.66,791.7331,138198.39,-1.39,240228.69,146201.434246,0.6137801109654855
516,Entry Long,187.15,767.5498,137649.81,-0.38,238198.39,143646.94507000002,0.604447969346157
518,Entry Short,186.51,766.5843,139218.1,1.1,237649.81,142975.637793,0.597679012553816
520,Entry Long,184.39,782.6537,136437.28,-1.93,239218.1,144313.51574299997,0.610367010409695
522,Entry Short,180.91,789.359,134548.48,-1.32,236437.28,142802.93669,0.6088418764854072
524,Entry Long,183.23,774.5206,134003.86,-0.38,234548.48,141915.40953799998,0.6064661050377544
526,Entry Short,182.6,770.6767,140977.55,4.96,234003.86,140725.56542,0.5839779075685682
528,Entry Long,175.99,821.5143,138973.12,-1.39,240977.55,144578.301657,0.6049981757655422
530,Entry Short,173.62,834.3427,146208.8,4.99,238973.12,144858.579574,0.5883566289019727
532,Entry Long,154.62,955.4085,145127.62,-0.73,246208.8,147725.26227,0.6026463369162561
534,Entry Short,153.55,1913.3647,159707.69,4.96,245127.62,293797.149685,1.131260879048287
536,Entry Short,145.13,1073.5419,156445.56,-2.09,259707.69,155803.13594699997,0.6075485804745459
538,Entry Long,148.11,2112.6564,154039.19,-0.77,256445.56,312905.539404,1.2317215284933005
540,Entry Short,147.03,1044.0394,152181.69,-1.21,254039.19,153505.112982,0.6087083998128492
542,Entry Long,148.75,1019.8975,152518.67,0.22,252181.69,151709.75312500002,0.6007862829508804
544,Entry Short,149.14,2035.9732,158160.17,1.86,252518.67,303645.04304799996,1.176188577223202
546,Entry Long,146.31,1065.1989,155797.47,-1.52,258160.17,155849.251059,0.6092681489734828
548,Entry Short,144.15,1070.7149,155757.14,-0.03,255797.47,154343.552835,0.6034770049234989
550,Entry Long,144.13,2135.3001,155527.3,-0.07,255757.14,307760.80341299996,1.204414571018439
552,Entry Short,144.08,3199.6622,162095.53,1.42,255527.3,461007.32977600006,1.75892862337637
554,Entry Long,141.97,1119.6932,161237.12,-0.54,262095.53,158962.843604,0.6085002146861824
556,Entry Short,141.26,2229.4288,176876.38,4.97,261237.12,314929.112288,1.137435819870225
558,Entry Long,130.74,1270.6579,176784.52,-0.06,276876.38,166125.813846,0.6001990784961528
560,Entry Short,130.72,2541.0468,180540.22,1.13,276784.52,332165.637696,1.1840214486749887
562,Entry Long,129.19,1330.4607,184940.92,2.56,280540.22,171882.217833,0.6032205477296837
564,Entry Short,132.55,1297.2676,181667.25,-1.9,284940.92000000004,171952.82038,0.6104821216524108
566,Entry Long,135.02,1254.2941,181662.22,0.0,281667.25,169354.78938200002,0.6012690994979732
568,Entry Short,135.07,1267.4115,177803.42,-2.25,281662.22,171189.27130499997,0.6162244917827143
570,Entry Long,138.06,1212.0949,186195.22,5.01,277803.42000000004,167341.82189400002,0.5847121482112805
572,Entry Short,143.05,1200.3154,194710.5,4.96,286195.22,171705.11797000002,0.5826230079009741
574,Entry Long,138.76,1274.1482,200741.73,3.41,294710.5,176800.804232,0.5878825137835045
576,Entry Short,143.55,2531.3198,196266.95,-1.23,300741.73,363370.95729000005,1.226498457860386
578,Entry Long,145.26,1243.449,192614.3,-2.02,296266.95,180623.40174,0.6172746914282726
580,Entry Short,142.38,1240.984,188534.44,-2.31,292614.3,176691.30191999997,0.6123750839587814
582,Entry Long,145.61,1195.1168,184569.53,-2.28,288534.44,174020.95724800002,0.6115235079736049
584,Entry Short,142.35,1204.8298,179897.55,-2.72,284569.53,171507.52203,0.6127510656309781
586,Entry Long,146.17,1161.9229,188391.28,5.0,279897.55,169838.27029299998,0.5889161083268536
588,Entry Short,166.61,1038.4993,186109.62,-1.32,288391.28,173024.368373,0.6047485169250862
590,Entry Long,168.74,1022.911,183667.9,-1.41,286109.62,172606.00214,0.6084791481165123
592,Entry Short,166.42,2045.7272,190836.42,2.11,283667.9,340449.92062399996,1.1705890225990263
594,Entry Long,162.85,3118.0871,179597.5,-2.21,290836.42000000004,507780.48423500004,1.8161123909727377
596,Entry Short,159.31,1077.4665,176338.89,-1.9,279597.5,171651.188115,0.6211618933368372
598,Entry Long,162.27,1024.1005,174071.05,-1.36,276338.89,166180.788135,0.6063419983066436
600,Entry Short,160.12,2051.3742,167353.44,-2.05,274071.05,328466.03690400004,1.2285835443299329
602,Entry Long,163.33,998.2623,170462.05,1.91,267353.44,163046.181459,0.6028431029750755
604,Entry Short,166.51,1972.9841,164134.23,-1.93,270462.05,328521.58249099995,1.2437675438393576
606,Entry Long,169.65,941.7736,164616.44,0.3,264134.23,159771.89124,0.6037867157460058
608,Entry Short,170.23,939.8287,160585.58,-2.52,264616.44,159987.039601,0.6139520060971908
610,Entry Long,174.45,904.4896,160251.17,-0.21,260585.58,157788.21072,0.6062920321165126
612,Entry Short,174.15,902.8483,157795.25,-1.56,260251.17,157231.031445,0.6099066272361496
614,Entry Long,176.8,879.6669,165525.33,4.97,257795.25,155525.10792,0.5857260695994617
616,Entry Short,217.35,733.0903,160255.61,-3.31,265525.32999999996,159337.176705,0.6122333989457518
618,Entry Long,224.45,703.6695,160551.23,0.19,260255.61,157938.61927499998,0.6061710753581934
620,Entry Short,224.96,699.2057,160817.02,0.17,260551.23,157293.314272,0.6030791789278169
622,Entry Long,224.49,700.8388,168566.88,4.93,260817.02,157331.302212,0.5858179616637763
624,Entry Short,262.77,613.0264,160341.42,-5.11,268566.88,161084.94712799997,0.6187449816014676
626,Entry Long,276.08,570.0969,159947.88,-0.25,260341.42,157392.352152,0.6054765753504125
628,Entry Short,275.5,574.5624,167757.64,4.93,259947.88,158291.9412,0.5911761890342325
630,Entry Short,262.93,610.9933,175723.44,4.96,267757.64,160648.468369,0.5826434936725002
632,Entry Long,265.62,622.8457,177706.02,1.2,275723.44,165440.27483399998,0.5957388854371971
634,Entry Short,268.91,624.4217,186007.78,4.94,277706.02,167913.23934700002,0.58709325790718
636,Entry Short,223.87,766.3317,183938.62,-1.21,286007.78,171558.677679,0.6042104370268475
638,Entry Long,226.48,756.7574,176228.34,-4.5,283938.62,171390.41595199998,0.6204664443626603
640,Entry Short,216.38,774.4273,170925.14,-3.16,276228.33999999997,167570.57917399998,0.618512476081031
642,Entry Long,223.14,729.6081,179059.17,5.0,270925.14,162804.751434,0.5834058469893678
644,Entry Long,233.2,718.0526,187348.66,4.95,279059.17000000004,167449.86632,0.5827410725353651
646,Entry Long,203.1,848.93,181686.36,-3.28,287348.66000000003,172417.683,0.6120909901352696
648,Entry Short,196.51,861.9809,190084.95,4.96,281686.36,169387.866659,0.5839250421609256
650,Entry Short,134.95,1289.6485,198709.31,4.96,290084.95,174038.065075,0.5826335478964482
652,Entry Long,130.03,1378.4462,201187.22,1.38,298709.31,179239.35938600003,0.5951094451683575
654,Entry Short,131.88,1375.6323,198761.86,-1.34,301187.22,181418.387724,0.6072340951552517
656,Entry Long,133.59,1353.6168,207865.2,5.03,298761.86,180829.668312,0.5873663808446034
658,Entry Long,148.83,1241.3085,217012.39,4.95,307865.2,184743.94405500003,0.5827656895523863
660,Entry Long,160.02,1188.6478,212776.88,-2.23,317012.39,190207.42095600002,0.6081249386335716
662,Entry Short,156.52,1208.5554,209038.55,-1.98,312776.88,189163.091208,0.6121019245268916
664,Entry Long,159.55,1168.5265,204209.03,-2.59,309038.55,186438.403075,0.6128628169748939
666,Entry Short,155.48,1180.4913,198361.84,-3.19,304209.03,183542.78732399998,0.6151684388459329
668,Entry Long,160.37,1148.0475,207734.75,5.09,298361.83999999997,184112.377575,0.598282701498612
670,Entry Short,175.8,1050.4087,216916.83,4.97,307734.75,184661.84946,0.5826823695668041
672,Entry Long,194.36,978.3396,215882.19,-0.54,316916.82999999996,190150.08465600002,0.6019651967589563
674,Entry Short,193.38,981.9319,212702.72,-1.67,315882.19,189885.990822,0.6072412508020397
676,Entry Long,196.54,960.3379,222055.84,4.96,312702.72,188744.81086599999,0.5860623762202232
678,Entry Long,207.79,930.0804,220360.53,-0.88,322055.83999999997,193261.406316,0.6032622255806606
680,Entry Short,206.05,1863.0908,219051.62,-0.34,320360.53,383889.85934,1.2032217837978696
682,Entry Long,206.67,941.0249,223348.72,2.21,319051.62,194481.616083,0.6014609121786535
684,Entry Short,211.32,1859.2372,218152.02,-1.32,323348.72,392894.005104,1.2349253828531404
686,Entry Long,214.03,897.4926,213391.22,-2.48,318152.02,192090.341178,0.6129410427579943
688,Entry Short,208.81,903.8492,229976.98,8.79,313391.22,188732.751452,0.5719573269989925
690,Entry Short,212.39,932.1822,227063.39,-1.47,329976.98,197986.177458,0.6053449683194441
692,Entry Long,215.43,915.8157,222635.22,-2.24,327063.39,197294.176251,0.6115084901487197
694,Entry Short,210.68,928.8992,232219.42,4.9,322635.22,195700.483456,0.5890699690463609
696,Entry Short,205.99,967.6294,235652.89,1.72,332219.42000000004,199321.980106,0.5938336479271785
698,Entry Long,202.36,1963.2722,235003.27,-0.16,335652.89,397287.76239200006,1.1859220430654305
700,Entry Short,202.11,2958.0254,237249.36,0.38,335003.27,597846.513594,1.772713560061315
702,Entry Long,201.27,3963.8825,257340.16,2.52,337249.36,797810.6307750001,2.2326363506833378
704,Entry Short,206.42,5002.9721,247019.2,-1.0,357340.16000000003,1032713.500882,2.9759549352946464
706,Entry Long,208.4,1011.6568,257524.8,4.98,347019.2,210829.27712,0.589691336433165
708,Entry Short,243.18,882.1601,257915.45,0.18,357524.8,214523.69311800002,0.5993697481290624
710,Entry Long,242.64,1767.2024,253909.86,-0.93,357915.45,428793.99033599993,1.2115909693389157
712,Entry Short,240.47,891.2737,252353.23,-0.73,353909.86,214324.586639,0.6082662748373273
714,Entry Long,242.12,1764.4925,250594.62,-0.41,352353.23,427218.9241,1.2185552764614587
716,Entry Short,241.22,894.9938,246551.61,-1.87,350594.62,215890.40443599998,0.6229675413598569
718,Entry Long,245.64,851.6014,241802.1,-2.27,346551.61,209187.36789599998,0.6120131148872403
720,Entry Short,240.16,865.4097,252140.58,4.97,341802.1,207836.79355200002,0.5902097212198607
722,Entry Short,231.58,912.3206,250322.31,-0.86,352140.57999999996,211275.204548,0.6030880663809279
724,Entry Long,233.48,1812.817,242341.33,-1.89,350322.31,423256.51316,1.2363582076403103
726,Entry Short,229.17,906.4787,241197.44,-0.55,342341.32999999996,207737.723679,0.608849010353067
728,Entry Long,230.34,1795.3539,235072.64,-1.48,341197.44,413541.817326,1.2341855704064646
730,Entry Short,227.02,893.2067,232293.5,-1.37,335072.64,202775.785034,0.610230970614833
732,Entry Long,230.04,868.5626,230641.8,-0.83,332293.5,199804.14050399998,0.6042918363739853
734,Entry Short,228.23,872.2487,227718.06,-1.47,330641.8,199073.320801,0.6074530064073979
736,Entry Long,231.49,857.3183,237641.6,5.0,327718.06,198460.613267,0.5877848383226475
738,Entry Short,242.87,834.1291,247697.25,4.96,337641.6,202584.93451700002,0.5826475030130379
740,Entry Long,226.07,922.845,246377.44,-0.63,347697.25,208627.56915,0.6023128098354211
742,Entry Short,224.73,932.0628,242704.48,-1.75,346377.44,209462.473044,0.6112043619739084
744,Entry Long,228.58,907.035,242004.89,-0.34,342704.48,207330.0603,0.606219578614797
746,Entry Short,227.9,901.8792,242121.14,0.06,342004.89,205538.26968,0.6007762913452235
748,Entry Long,227.68,902.8094,241127.27,-0.48,342121.14,205551.644192,0.6025658523049183
750,Entry Short,226.67,1805.8883,238127.72,-0.73,341127.27,409340.700961,1.2106097097303943
752,Entry Long,228.24,889.9928,248190.34,4.95,338127.72,203131.956672,0.5833934297890057
754,Entry Short,238.47,876.1342,245933.53,-1.08,348190.33999999997,208931.722674,0.6039649370617528
756,Entry Long,240.95,863.3738,243433.36,-1.2,345933.53,208029.91710999998,0.605735904951109
758,Entry Short,238.15,868.3816,238721.23,-2.28,343433.36,206805.07804000002,0.6105465489718493
760,Entry Long,243.48,836.3003,235228.36,-1.72,338721.23,203622.39704399998,0.6074139939830866
762,Entry Short,239.4,848.59,234391.7,-0.41,335228.36,203152.44600000003,0.6075283746576247
764,Entry Long,240.29,1683.4943,230358.62,-1.0,334391.7,404526.845347,1.2245082188168723
766,Entry Short,237.99,833.5071,234155.86,1.91,330358.62,198366.354729,0.5936342242479303
768,Entry Long,233.34,1692.7822,236824.25,0.68,334155.86,394993.79854800005,1.1727000017011842
770,Entry Short,235.01,2552.9255,235562.89,-0.21,336824.25,599963.021755,1.787930190239451
772,Entry Long,235.41,861.1081,236514.92,0.47,335562.89,202713.45782100002,0.6023906988165636
774,Entry Short,236.61,857.3761,234169.86,-1.16,336514.92000000004,202863.759021,0.6070677918738692
776,Entry Long,239.25,841.269,236410.78,1.11,334169.86,201273.60825,0.5982971421129846
778,Entry Short,242.01,837.7195,233011.66,-1.68,336410.78,202736.496195,0.6087969898561509
780,Entry Long,245.97,814.086,242999.8,4.99,333011.66000000003,200240.73342,0.5837925661181144
782,Entry Short,317.02,649.17,242248.69,-0.36,342999.8,205799.87339999998,0.6013167600436979
784,Entry Long,318.05,1294.8335,239546.6,-0.66,342248.69,411821.794675,1.2128579543279185
786,Entry Short,316.09,1939.5182,226536.8,-2.12,339546.6,613062.3078379999,1.8774677397402066
788,Entry Long,322.67,619.9115,236515.94,4.99,326536.8,200026.84370500004,0.5944052567168142
790,Entry Short,388.45,519.8495,229998.12,-3.23,336515.94,201935.538275,0.6119293597036249
792,Entry Long,400.83,496.7528,226779.64,-1.62,329998.12,199113.424824,0.6093201670214214
794,Entry Short,394.51,993.8081,246244.5,4.96,326779.64,392067.233531,1.132342126823675
796,Entry Short,391.01,531.2943,242340.64,-1.88,346244.5,207741.384243,0.6068265346556576
798,Entry Long,398.2,516.7622,238776.05,-1.73,342340.64,205774.70804,0.6074063028953788
800,Entry Short,391.46,1036.0582,258872.81,4.96,338776.05,405575.34297199995,1.1301367271931244
802,Entry Long,398.48,540.4168,259807.86,0.43,358872.81,215345.286464,0.5985007844575714
804,Entry Short,400.37,1079.6946,281254.75,4.96,359807.86,432277.327002,1.133828042803401
806,Entry Long,388.46,588.8104,276742.2,-1.97,381254.75,228729.28798399997,0.6071241501058282
808,Entry Short,380.95,596.077,269717.6,-3.09,376742.2,227075.53315,0.6141864308055662
810,Entry Long,392.58,565.8476,277401.9,3.46,369717.6,222140.45080800002,0.5886044845243228
812,Entry Short,406.32,1123.213,278882.06,0.32,377401.9,456383.90615999995,1.2045540138796753
814,Entry Long,404.84,1684.8153,312753.6,4.97,378882.06,682080.626052,1.652512845562098
816,Entry Long,346.51,714.7867,325010.72,4.95,412753.6,247680.739417,0.5827635110403804
818,Entry Short,372.05,685.409,337666.72,4.96,425010.72,255006.41845,0.5826497807509787
820,Entry Short,381.38,688.5341,350687.78,4.96,437666.72,262593.135058,0.5826497782078759
822,Entry Long,359.36,752.484,345930.2,-1.76,450687.78,270412.65024000005,0.6064012938347751
824,Entry Short,353.18,770.9906,342374.25,-1.31,445930.2,272298.46010799997,0.615538675924288
826,Entry Long,357.65,1513.2517,337543.28,-0.89,442374.25,541214.470505,1.2369392817665945
828,Entry Short,354.6,2253.7772,331092.1,-0.81,437543.28,799189.39512,1.8538715859557622
830,Entry Long,357.32,2978.0395,341950.97,1.02,431092.1,1064113.07414,2.4077627301960667
832,Entry Short,361.11,3712.7176,408479.78,4.96,441950.97,1340699.452536,2.636681939517831
834,Entry Short,352.24,866.1117,423613.03,4.96,508479.78,305079.185208,0.5826424625223707
836,Entry Long,344.02,913.2519,439192.12,4.96,523613.03,314176.918638,0.5826808422904993
838,Entry Short,366.35,856.7671,429424.1,-3.11,539192.12,313876.62708500004,0.5928642596455281
840,Entry Short,366.35,26.334,428964.9,-4.78,529424.1,9647.4609,0.01823837630814445
842,Entry Short,380.76,833.5324,428304.4,-0.21,528964.9,317375.796624,0.600744185783802
844,Entry Long,381.4,1664.7353,418413.53,-1.56,528304.4,634930.04342,1.2247559268370174
846,Entry Short,375.61,857.2197,415978.38,-0.76,518413.53,321980.291517,0.6240189589280853
848,Entry Long,378.3,1675.6863,404617.22,-1.79,515978.38,633912.1272900001,1.2562237319011826
850,Entry Short,371.67,831.9921,406216.1,0.52,504617.22,309226.50380700006,0.6108586902056258
852,Entry Long,369.6,823.6292,409767.0,1.17,506216.1,304413.35232,0.5971617470726822
854,Entry Short,374.06,1641.3962,400606.84,-1.49,509767.0,613980.662572,1.226472779660781
856,Entry Long,379.49,801.399,398466.06,-0.7,500606.84,304122.90651,0.6101175805429963
858,Entry Short,376.97,794.7872,399006.03,0.18,498466.06,299610.930784,0.6004154514605765
860,Entry Long,376.14,802.4054,414039.7,4.98,499006.03,301816.76715599996,0.5871468043343733
862,Entry Short,414.76,743.6199,416244.34,0.71,514039.7,308423.78972400003,0.5974376197984079
864,Entry Long,411.63,1496.2261,416760.9,0.08,516244.34,615891.5495430001,1.1918307858489294
866,Entry Short,412.14,2248.7144,407146.12,-1.04,516760.9,926785.1528159999,1.8274519241436766
868,Entry Long,416.25,735.02,398756.4,-2.74,507146.12,305952.075,0.6134298727795774
870,Entry Short,405.0,742.1771,413749.94,4.99,498756.4,300581.7255,0.5850739865779838
872,Entry Long,390.71,789.0087,407765.47,-1.94,513749.94,308273.589177,0.6071180641271254
874,Entry Short,383.28,797.093,408193.34,0.14,507765.47,305509.80503999995,0.6011684549821136
876,Entry Long,382.59,1594.5006,412604.34,0.72,508193.34,610039.984554,1.1900796324783358
878,Entry Short,385.51,2392.499,396322.12,-1.77,512604.34,922332.2894899999,1.8583340381645692
880,Entry Long,392.16,771.4156,393748.5,-0.85,496322.12,302518.341696,0.61269723694553
882,Entry Short,388.98,773.9248,397351.4,1.2,493748.5,301041.268704,0.6052888736293895
884,Entry Long,384.17,782.389,391247.1,-2.03,497351.4,300570.38213000004,0.611851718066122
886,Entry Short,376.52,791.524,381445.62,-3.29,491247.1,298024.61647999997,0.619020309043418
888,Entry Long,388.75,749.2881,396319.34,5.11,481445.62,291285.748875,0.5868917960662181
890,Entry Long,458.22,649.8453,384687.28,-3.91,496319.34,297772.113366,0.6143592490522961
892,Entry Short,440.5,665.6997,378664.06,-2.05,484687.28,293240.71785,0.6126232202392634
894,Entry Long,449.37,1304.9162,407732.06,4.96,478664.06,586390.1927939999,1.1549205555268658
896,Entry Short,467.06,652.2206,410989.38,1.07,507732.06,304626.153436,0.5961496762144058
898,Entry Long,461.88,664.7904,404798.25,-2.02,510989.38,307053.389952,0.6082695214414867
900,Entry Short,452.75,672.1332,403318.53,-0.49,504798.25,304308.3063,0.6046038207653511
902,Entry Long,454.77,667.0725,408552.72,1.73,503318.53,303364.560825,0.5965252940245802
904,Entry Short,462.8,1326.4745,400492.66,-1.31,508552.72,613892.3986000001,1.2265762271119023
906,Entry Long,468.69,644.6372,415440.4,4.95,500492.66,302135.009268,0.586168661338925
908,Entry Short,471.81,1297.1446,417349.3,0.31,515440.4,612005.793726,1.182964379629005
910,Entry Short,584.61,530.8505,432681.3,4.94,517349.3,310340.510805,0.582600723556468
912,Entry Long,518.5,616.4103,448533.78,4.96,532681.3,319608.74055,0.5826600880441675
914,Entry Short,587.3,560.3859,464858.38,4.96,548533.78,329114.63907,0.5826498299803926
916,Entry Long,563.69,601.2542,455645.7,-2.72,564858.38,338920.979998,0.6099587920827967
918,Entry Short,548.59,614.6175,452781.34,-0.85,555645.7,337173.014325,0.6099573012450094
920,Entry Long,553.03,605.5387,469387.2,4.96,552781.3400000001,334881.06726099993,0.5881429495798289
922,Entry Long,593.79,575.3516,486323.56,4.96,569387.2,341638.02656399994,0.5826783193975693
924,Entry Short,647.71,543.1268,497699.44,3.23,586323.56,351788.659628,0.5885711715373199
926,Entry Long,626.51,1115.6004,475257.3,-3.21,597699.44,698934.806604,1.2149951101950378
928,Entry Long,697.74,494.6251,492412.84,4.97,575257.3,345119.717274,0.582566234172102
930,Entry Short,725.34,490.0428,483678.5,-2.46,592412.8400000001,355447.64455200004,0.6089784779668945
932,Entry Long,742.87,476.6963,501905.06,5.15,583678.5,354123.380381,0.5883376032442724
934,Entry Short,1141.66,316.3703,519866.9,4.97,601905.06,361187.316698,0.5826852775942707
936,Entry Short,1348.03,275.8437,538244.8,4.94,619866.9,371845.582911,0.5826065216841563
938,Entry Short,1642.19,233.197,557250.25,4.96,638244.8,382953.78143000003,0.5826605336856091
940,Entry Short,1745.28,225.9523,549456.06,-1.98,657250.25,394350.030144,0.6072004781108671
942,Entry Long,1779.07,220.0602,568698.25,4.91,649456.06,391502.500014,0.5854696045847286
944,Entry Short,1799.04,223.0171,588602.2,4.96,668698.25,401216.683584,0.5826537928342372
946,Entry Long,1806.15,228.7448,609106.75,4.96,688602.2,413147.42052000004,0.5826307823469457
948,Entry Short,1777.52,239.3838,588256.8,-4.9,709106.75,425509.492176,0.6182423365464751
950,Entry Long,1863.89,224.1186,570643.4,-4.22,688256.8,417732.417354,0.6228830662524971
952,Entry Short,1786.03,449.4438,550169.7,-2.55,670643.4,802720.110114,1.2346316817194036
954,Entry Long,1830.86,218.6309,537563.2,-3.15,650169.7,400282.56957399996,0.6278319852431884
956,Entry Short,1773.92,434.3017,530274.4,-0.95,637563.2,770416.471664,1.2223508866360429
958,Entry Long,1789.99,645.6201,587583.56,4.96,630274.4,1155653.522799,1.6807462976558076
960,Entry Long,1827.36,225.7629,578762.3,-2.14,687583.56,412550.092944,0.6077975941563047
962,Entry Short,1789.01,228.4801,573041.06,-1.4,678762.3,408753.183701,0.6073228039029297
964,Entry Long,1813.33,224.2274,578128.75,1.25,673041.06,406598.271242,0.5995886050281749
966,Entry Short,1836.75,222.3594,586725.9,2.1,678128.75,408418.62795,0.5947331066878356
968,Entry Long,1797.36,229.9017,578823.6,-1.91,686725.9,413216.119512,0.6087238562595644
970,Entry Short,1763.7,460.8672,559368.7,-2.39,678823.6,812831.4806400001,1.2327419858419124
972,Entry Long,1805.2,222.7528,548424.3,-2.72,659368.7,402113.35456,0.6201392430234338
974,Entry Short,1756.78,223.3017,567674.0,4.91,648424.3,392291.960526,0.5875501525085596
976,Entry Long,1711.68,234.0416,556553.44,-2.78,667674.0,400604.325888,0.6101625571986952
978,Entry Short,1664.84,239.22,575961.44,4.87,656553.44,398263.02479999996,0.5891800940598032
980,Entry Short,1694.41,239.3503,571633.7,-1.07,675961.44,405557.541823,0.6038373920531386
982,Entry Long,1711.81,236.0759,592218.94,5.09,671633.7,404117.086379,0.5837995221266266
984,Entry Long,2080.52,199.6286,592793.3,0.14,692218.94,415331.294872,0.5995024704655775
986,Entry Short,2084.23,200.574,613538.1,4.96,692793.3,418042.34802000003,0.5858724965352237
988,Entry Short,2062.25,207.6008,607220.6,-1.48,713538.1,428124.7498,0.6053623859372874
990,Entry Long,2091.85,204.3633,628472.8,4.97,707220.6,427497.369105,0.5868405369493548
992,Entry Short,2120.38,206.1346,614005.9,-3.31,728472.8,437083.68314800004,0.6121569627757978
994,Entry Long,2189.7,197.1478,635160.4,4.9,714005.9,431694.5376599999,0.5872113591265252
996,Entry Short,2404.71,183.4278,657038.2,4.96,735160.4,441090.664938,0.5826531143844524
998,Entry Long,2316.68,196.0713,629576.7,-6.05,757038.2,454234.459284,0.6226000080375373
1000,Entry Short,2177.52,205.9719,593427.4,-8.06,729576.7,448507.931688,0.6467986867666319
1002,Entry Long,2352.12,178.5728,615103.4,5.16,693427.4,420024.654336,0.5873621274014359
1004,Entry Long,2772.16,154.7742,636383.8,4.96,715103.4,429058.846272,0.5826565525640297
1006,Entry Short,3335.22,132.4741,622197.8,-3.21,736383.8,441830.26780199993,0.6117856739552514
1008,Entry Long,3440.95,129.0658,618959.3,-0.73,722197.8,444108.96450999996,0.6177108558300866
1010,Entry Short,3417.23,129.1109,605162.75,-3.13,718959.3,441201.64080699993,0.6256734928312647
1012,Entry Long,3522.7,120.7311,626483.3,5.01,705162.75,425299.44596999994,0.5854221920448824
1014,Entry Long,3523.61,123.7083,598496.25,-6.42,726483.3,435899.802963,0.6240546072552287
1016,Entry Short,3298.74,128.78,618859.25,4.79,698496.25,424811.7372,0.5909525921799017
1018,Entry Long,2803.85,153.822,597402.0,-4.98,718859.25,431293.8147,0.6184292770883938
1020,Entry Short,2665.45,158.7579,617692.8,4.8,697402.0,423161.244555,0.5896133339431577
1022,Entry Long,2450.3,175.7313,639069.7,4.96,717692.8,430594.40439000004,0.5826167740200959
1024,Entry Short,2671.47,165.991,617598.06,-4.84,739069.7,443439.97677,0.6179503561784991
1026,Entry Long,2799.73,156.4358,614266.6,-0.76,717598.06,437978.002334,0.6131856121145802
1028,Entry Short,2779.55,156.8253,635565.94,4.89,714266.6,435903.762615,0.5926100420242406
1030,Entry Long,2694.05,163.8213,657450.06,4.96,735565.94,441342.773265,0.5826691376392524
1032,Entry Long,2416.72,188.0524,679988.0,4.96,757450.06,454469.99612799997,0.5826628052329009
1034,Entry Short,1944.02,240.7296,703197.2,4.96,779988.0,467983.156992,0.5826503839804222
1036,Entry Short,2266.9,212.5881,704941.5,0.36,803197.2,481915.96389,0.5986968790775479
1038,Entry Long,2257.79,215.0451,729683.2,5.1,804941.5,485526.676329,0.5851952604668866
1040,Entry Long,2128.99,233.8233,730094.25,0.08,829683.2,497807.46746699995,0.599699934636338
1042,Entry Short,2131.6,234.6406,754911.9,4.96,830094.25,500159.90296,0.5850426259828644
1044,Entry Long,1934.47,265.1615,738561.56,-3.19,854911.9,512946.966905,0.6116986413078606
1046,Entry Short,1873.57,533.7302,717224.5,-2.13,838561.56,999980.8908139999,1.2236305823112252
1048,Entry Long,1912.79,260.7513,717981.75,0.15,817224.5,498762.479127,0.6097476858462918
1050,Entry Short,1916.46,258.6408,742242.9,4.89,817981.75,495674.74756800005,0.5885175732178924
1052,Entry Short,2013.63,250.9638,722998.8,-3.81,842242.9,505348.236594,0.6140327745240941
1054,Entry Long,2089.49,238.9312,748170.94,5.04,822998.8,499244.3530879999,0.5886128957542449
1056,Entry Long,2323.92,218.9854,773406.2,4.96,848170.94,508904.550768,0.5826665196193936
1058,Entry Short,2555.5,205.0497,754041.1,-3.7,873406.2,524004.50835,0.6135588888520705
1060,Entry Long,2648.9,194.9825,732291.3,-4.21,854041.1,516489.14425,0.6205629498349916
1062,Entry Short,2538.39,197.1416,735090.25,0.56,832291.3,500422.266024,0.5992433345066597
1064,Entry Long,2523.18,199.4191,760900.0,5.13,835090.25,503170.28473799996,0.5844700717133232
1066,Entry Short,3030.77,170.4319,759043.3,-0.36,860900.0,516539.88956300006,0.6012966861658778
1068,Entry Long,3040.45,339.9815,810279.7,4.96,859043.3,1033696.7516749998,1.1355814610333503
1070,Entry Short,3121.04,174.9948,798535.5,-2.15,910279.7,546165.770592,0.6078399468824548
1072,Entry Long,3186.89,169.4869,791504.06,-1.3,898535.5,540136.106741,0.6058706078590376
1074,Entry Short,3146.67,172.1195,818208.8,4.93,891504.06,541603.267065,0.5898476109845604
1076,Entry Short,3223.84,170.891,813932.4,-0.78,918208.8,550925.24144,0.6028074302213161
1078,Entry Long,3247.57,171.2906,800298.8,-2.45,913932.4,556278.2138420001,0.6178817675220717
1080,Entry Short,3169.26,341.7545,854034.25,4.96,900298.8,1083108.8666700001,1.135293483090361
1082,Entry Long,3147.59,181.8605,882418.94,4.96,954034.25,572422.291195,0.5826661802703031
1084,Entry Long,3155.46,186.8468,899167.8,2.84,982418.94,589587.6035280001,0.590078666994673
1086,Entry Short,3246.38,371.5418,886202.75,-1.07,999167.8,1206165.868684,1.2230404637220897
1088,Entry Long,3279.97,182.8616,873355.25,-2.14,986202.75,599780.562152,0.6161990312909906
1090,Entry Short,3211.01,183.9107,866616.44,-1.14,973355.25,590539.096807,0.6109342572396141
1092,Entry Long,3246.36,179.5628,850809.3,-2.71,966616.44,582925.491408,0.6130834978244323
1094,Entry Short,3159.61,182.1373,835436.9,-2.67,950809.3,575482.8344530001,0.6152021953089515
1096,Entry Long,3242.73,173.951,863827.4,5.03,935436.9,564076.1262299999,0.5852459955278299
1098,Entry Short,3742.19,154.5342,850538.44,-2.3,963827.4,578296.337898,0.6083881656569302
1100,Entry Long,3826.67,149.7541,880005.5,5.14,950538.44,573059.521847,0.5847513323619102
1102,Entry Short,3904.99,150.5858,871112.9,-1.51,980005.5,588036.043142,0.6055279907639987
1104,Entry Long,3962.47,147.6272,858814.25,-2.1,971112.9,584968.3511839999,0.6100955958716716
1106,Entry Short,3880.73,149.2007,887561.75,4.96,958814.25,579007.632511,0.5863001807340149
1108,Entry Short,3257.7,181.8881,877271.56,-1.74,987561.75,592536.86337,0.6063175146220361
1110,Entry Long,3312.96,358.8928,837207.25,-3.37,977271.56,1188997.490688,1.2686601503434807
1112,Entry Long,3344.48,168.1352,864927.5,4.93,937207.25,562324.813696,0.582763796965057
1114,Entry Long,3050.63,189.7987,833597.94,-5.41,964927.5,579005.608181,0.6201873240862121
1116,Entry Short,2886.75,383.8637,888541.94,4.96,933597.94,1108118.535975,1.120962592618984
1118,Entry Long,2981.19,198.9551,917957.0,4.96,988541.94,593122.9545689999,0.5826601266743093
1120,Entry Long,2909.77,209.8887,898163.4,-3.24,1017957.0,610727.842599,0.611851569190976
1122,Entry Short,2816.61,214.6491,873910.4,-4.01,998163.4,604582.801551,0.6207786687060739
1124,Entry Long,2928.45,202.9976,903716.3,5.01,973910.4,594468.32172,0.5922672788316778
1126,Entry Long,3464.7,173.8182,889312.06,-2.39,1003716.3,602227.9175399999,0.6087340303321481
1128,Entry Short,3383.2,176.5363,899798.1,1.76,989312.06,597257.61016,0.5973782208227841
1130,Entry Long,3322.46,357.1058,958655.5,4.96,999798.1,1186469.736268,1.1207326049578923
1132,Entry Long,3626.17,175.1687,947513.4,-1.75,1058655.5,635191.484879,0.6063802953537396
1134,Entry Short,3564.0,178.1759,979105.75,4.98,1047513.4,635018.9076,0.5884677267265048
1136,Entry Short,3449.19,187.7151,962797.7,-2.52,1079105.75,647465.0457690001,0.6092081736430179
1138,Entry Long,3534.67,181.1947,994436.25,4.94,1062797.7,640463.470249,0.5851994305278174
1140,Entry Long,3809.4,172.3788,1027003.5,4.96,1094436.25,656659.80072,0.5826599480125839
1142,Entry Short,4131.52,163.669,1000455.56,-3.93,1127003.5,676201.7468800001,0.6144743790289906
1144,Entry Long,4292.04,155.7399,969571.2,-4.62,1100455.56,668441.880396,0.6249624900109502
1146,Entry Short,4095.41,157.6505,1000978.6,4.86,1069571.2,645643.4342049999,0.5864268698819395
1148,Entry Short,4357.92,151.5831,997366.8,-0.55,1100978.6,660587.023152,0.6019746753337171
1150,Entry Long,4380.0,151.5328,976486.4,-3.15,1097366.8,663713.664,0.6165555496102877
1152,Entry Short,4243.93,153.8002,966607.75,-1.51,1076486.4,652717.282786,0.6119562536330718
1154,Entry Long,4306.45,302.4247,931330.06,-2.71,1066607.75,1302376.8493149998,1.2628128470482085
1156,Entry Short,4191.5,450.0858,880407.8,-2.7,1031330.06,1886534.6307,1.9242346202263996
1158,Entry Long,4302.94,586.8483,1005627.06,4.96,980407.8,2525173.0240019998,2.283928383592565
1160,Entry Short,4525.07,146.6002,1000973.06,-0.7,1105627.06,663376.167014,0.6025362391828188
1162,Entry Long,4555.0,145.3131,984061.7,-2.55,1100973.06,661901.1705,0.6105751826671859
1164,Entry Short,4440.42,147.57,975507.44,-1.31,1084061.7,655272.7794,0.6092684764691167
1166,Entry Long,4496.6,143.5838,1007619.44,4.97,1075507.44,645638.9150800001,0.582906810555799
1168,Entry Short,4705.65,141.2368,1040628.56,4.97,1107619.44,664610.94792,0.58267079330365
1170,Entry Long,4630.91,147.7845,1031183.6,-1.38,1140628.56,684376.718895,0.6050094068681688
1172,Entry Short,4568.84,149.143,1015846.1,-2.25,1131183.6,681410.50412,0.6106671019596699
1174,Entry Long,4669.83,144.2171,1003289.0,-1.86,1115846.1,673469.340093,0.6104196997278138
1176,Entry Short,4584.61,144.8114,1036341.06,4.98,1103289.0,663903.7925539999,0.5842469447984217
1178,Entry Long,4242.53,160.7074,1027571.9,-1.29,1136341.06,681805.965722,0.604667397016545
1180,Entry Short,4189.65,322.2063,1094544.4,4.96,1127571.9,1349931.6247949998,1.1300807444202157
1182,Entry Short,4366.41,161.5748,1083033.1,-1.63,1194544.4,705501.822468,0.5963500281336168
1184,Entry Short,4366.41,2.5782,1083016.5,-0.17,1183033.1,11257.478261999999,0.009515909762881582
1186,Entry Short,4307.22,164.7951,1117827.8,4.9,1183016.5,709808.750622,0.5828482077860269
1188,Entry Long,4251.93,171.8505,1154063.5,4.96,1217827.8,730696.2964650001,0.5826629165628376
1190,Entry Short,4488.92,167.6092,1134592.6,-2.59,1254063.5,752384.290064,0.6094190829136671
1192,Entry Long,4603.27,161.4909,1109203.0,-3.42,1234592.6,743386.2152430001,0.6147737106532154
1194,Entry Short,4447.86,163.578,1144513.6,4.85,1209203.0,727572.04308,0.5846236176768176
1196,Entry Short,4267.27,174.9849,1122734.8,-2.92,1244513.6,746707.8142230001,0.6106866462155163
1198,Entry Long,4390.0,169.461,1109609.9,-1.76,1222734.8,743933.79,0.6150195943336774
1200,Entry Short,4314.29,337.7084,1181963.0,4.97,1209609.9,1456971.9730359998,1.1365163994873486
1202,Entry Short,3969.03,193.7949,1220123.6,4.96,1281963.0,769177.7719470001,0.5826558755157472
1204,Entry Short,3960.01,200.0187,1213541.0,-0.83,1320123.6,792076.052187,0.6030082442702588
1206,Entry Long,3991.33,198.7066,1224154.4,1.34,1313541.0,793103.613778,0.5989510088687543
1208,Entry Short,4046.35,395.0782,1193874.1,-1.89,1324154.4,1598624.6745699998,1.2355334066660735
1210,Entry Long,4121.36,190.9716,1174758.1,-2.43,1293874.1,787062.7133759999,0.6174212294677711
1212,Entry Short,4022.89,192.123,1160498.0,-1.85,1274758.1,772889.6954699999,0.6131621751641018
1214,Entry Long,4095.49,185.2351,1149797.6,-1.41,1260498.0,758628.4996989999,0.6070010853749438
1216,Entry Short,4039.35,186.2251,1187095.6,4.96,1249797.6,752228.3576849999,0.5844386055589033
1218,Entry Short,3722.04,207.4828,1183972.6,-0.4,1287095.6,772259.280912,0.6014608730061685
1220,Entry Long,3735.6,413.7343,1203888.1,1.29,1283972.6,1545545.85108,1.185336265497016
1222,Entry Short,3785.24,620.4611,1163938.8,-1.7,1303888.1,2348594.174164,1.8581549788360006
1224,Entry Long,3848.1,199.9368,1149158.4,-1.92,1263938.8,769376.80008,0.6159161240720152
1226,Entry Short,3775.7,198.7938,1142684.4,-0.86,1249158.4,750585.75066,0.6040035190431295
1228,Entry Long,3806.75,197.1371,1138038.2,-0.62,1242684.4,750451.655425,0.6061619547967099
1230,Entry Short,3784.7,197.9183,1175269.4,4.97,1238038.2,749061.39001,0.5873750205329165
1232,Entry Long,3166.65,241.6305,1159929.8,-2.0,1275269.4,765159.2228250001,0.6073030599204813
1234,Entry Short,3104.42,485.1671,1234616.0,4.96,1259929.8,1506162.448582,1.128536184626889
1236,Entry Long,3361.97,238.1846,1218821.5,-1.97,1334616.0,800769.479662,0.6071856423799581
1238,Entry Short,3296.99,240.9861,1202164.0,-2.1,1318821.5,794528.7618389999,0.6101602884421624
1240,Entry Long,3364.78,232.7129,1182381.2,-2.53,1302164.0,783027.711662,0.610604484580716
1242,Entry Short,3281.1,236.1861,1220558.4,4.93,1282381.2,774950.21271,0.5868352453855884
1244,Entry Long,3122.69,253.7355,1209802.4,-1.36,1320558.4,792337.308495,0.6049288873611776
1246,Entry Short,3081.54,261.666,1249802.8,4.96,1309802.4,806334.24564,0.5973718869452633
1248,Entry Long,2539.0,318.9753,1200892.6,-6.04,1349802.8,809878.2867,0.622555841043296
1250,Entry Short,2386.65,646.0559,1277391.6,4.96,1300892.6,1541909.3137349999,1.1194414963290031
1252,Entry Short,2560.25,322.7946,1277655.1,0.03,1377391.6,826434.87465,0.5998851778286162
1254,Entry Long,2558.41,645.9219,1359610.4,4.96,1377655.1,1652533.0481790002,1.1321740706828345
1256,Entry Short,2663.9,328.7534,1358727.4,-0.1,1459610.4,875766.18226,0.600363153705072
1258,Entry Long,2665.52,333.3828,1402703.0,4.95,1458727.4,888638.5210559999,0.5913600498940907
